Reference_Produit,Nom,Reference_Categorie,Prix
23MAGJD9,Téléphone,HGKFLAO4,1030
FTX48SNW,Ordinateur,HGKFLAO4,178
A4A4AEW6,Télévision,HGKFLAO4,269
X3FNDA2D,Tablette,HGKFLAO4,1104
Q1K0RDPN,Casque,HGKFLAO4,1169
M9OZGE36,Café,X4DVDP1R,60
3JESS2RQ,Thé,X4DVDP1R,1920
U75V4RGE,Chocolat,X4DVDP1R,1234
UTR2K7LI,Biscuits,X4DVDP1R,951
1TO8DT10,Céréales,X4DVDP1R,1737
95KNZG8Q,Cahier,FCY1Z3AD,1028
J64TA6WE,Stylo,FCY1Z3AD,44
YK7FXJAX,Crayon,FCY1Z3AD,1900
7EEXZCTL,Gomme,FCY1Z3AD,1792
HGY2FBWC,Règle,FCY1Z3AD,1547
R4XH25O7,Chaise,BHPBGMP8,1704
XE3D1521,Table,BHPBGMP8,202
3H8TUYIQ,Canapé,BHPBGMP8,2000
TMN8A5BC,Lit,BHPBGMP8,922
QSGOF1NR,Armoire,BHPBGMP8,998
OXM2O3WT,T-shirt,2ATURREX,982
BAEHGJPU,Jean,2ATURREX,349
SODO5Y83,Veste,2ATURREX,1432
FRM9CKO2,Sweat,2ATURREX,1043
UUTE2LOB,Chaussures,2ATURREX,341
N5LV7W5S,Poupée,VYOSD42Y,1757
7O2LARCO,Lego,VYOSD42Y,1587
RV694FWE,Puzzle,VYOSD42Y,1441
P5GU8M9T,Voiture,VYOSD42Y,700
LY7E0L37,Jeu de société,VYOSD42Y,177
1Q73T12C,Ballon,WB3615LA,1471
VE83H8IM,Raquette,WB3615LA,844
L1FS467F,Vélo,WB3615LA,1244
A5I0K1K3,Tapis de yoga,WB3615LA,652
25JLQLY7,Haltère,WB3615LA,111
W1N5JI2N,Shampooing,5U2QY0OE,1517
D3B17ZSN,Crème,5U2QY0OE,690
JNMIDJK5,Parfum,5U2QY0OE,1069
ULPCQDRS,Maquillage,5U2QY0OE,350
ZKBEBE26,Brosse,5U2QY0OE,1182
KM1IRIL1,Vitamines,6CFXB8S3,818
X4VVEZEA,Médicaments,6CFXB8S3,1757
PRSHKGFT,Bandages,6CFXB8S3,335
Q8KWKNGV,Thermomètre,6CFXB8S3,699
5X4YX1CL,Tensiomètre,6CFXB8S3,1602
ZMZV43PY,Pneu,I9IXI9VN,1942
W9S1PNY2,Batterie,I9IXI9VN,651
5G3VLXI9,Huile moteur,I9IXI9VN,396
PFH0KAG5,Balais essuie-glace,I9IXI9VN,327
IUN5F5QH,Filtre à air,I9IXI9VN,1926
