Reference_Categorie,Categorie,Description
HGKFLAO4,Électronique,Électronique
X4DVDP1R,Alimentaire,Alimentaire
FCY1Z3AD,Papeterie,Papeterie
BHPBGMP8,Mobilier,Mobilier
2ATURREX,Vêtements,Vêtements
VYOSD42Y,Jouets,Jouets
WB3615LA,Sport,Sport
5U2QY0OE,Beauté,Beauté
6CFXB8S3,Santé,Santé
I9IXI9VN,Automobile,Automobile
